{
  "deltas_db": [
    -20,
    -15,
    -10,
    -5,
    0,
    5,
    10,
    15,
    20
  ],
  "normalized": [
    0.964628986490534,
    0.964628986490534,
    0.964628986490534,
    0.964628986490534,
    0.964628986490534,
    0.964628986490534,
    0.964628986490534,
    0.964628986490534,
    0.964628986490534
  ],
  "raw": [
    0.5121591096641691,
    0.7610749704733187,
    0.9514138942704861,
    0.9605093303359595,
    0.9649089962033104,
    0.9624260032156086,
    0.9436762675534596,
    0.8221675006682458,
    0.602153621259431
  ]
}