{
  "ms_per_frame": 0.390625,
  "n_mc": 10,
  "results": {
    "1": {
      "ms": 0.391,
      "acc_mean": 0.6604405566224234,
      "acc_std": 0.008468461230471744
    },
    "2": {
      "ms": 0.781,
      "acc_mean": 0.7134084043810531,
      "acc_std": 0.01065301621041728
    },
    "4": {
      "ms": 1.562,
      "acc_mean": 0.774972077301312,
      "acc_std": 0.010928308394996679
    },
    "8": {
      "ms": 3.125,
      "acc_mean": 0.8334742253224452,
      "acc_std": 0.010467247055051082
    },
    "16": {
      "ms": 6.25,
      "acc_mean": 0.885492741086827,
      "acc_std": 0.009701985247722063
    },
    "32": {
      "ms": 12.5,
      "acc_mean": 0.924458223102967,
      "acc_std": 0.0072319280998636186
    },
    "64": {
      "ms": 25.0,
      "acc_mean": 0.9484223365648387,
      "acc_std": 0.006482648896142608
    },
    "128": {
      "ms": 50.0,
      "acc_mean": 0.964628986490534,
      "acc_std": 0.005739121803213999
    }
  }
}