{
  "ms_per_frame": 0.390625,
  "n_mc": 10,
  "results": {
    "1": {
      "ms": 0.391,
      "acc_mean": 0.6711410165428345,
      "acc_std": 0.00928779693332395
    },
    "2": {
      "ms": 0.781,
      "acc_mean": 0.7255774005826587,
      "acc_std": 0.010808343773663989
    },
    "4": {
      "ms": 1.562,
      "acc_mean": 0.7831196370035842,
      "acc_std": 0.01139520312884586
    },
    "8": {
      "ms": 3.125,
      "acc_mean": 0.842310152685591,
      "acc_std": 0.010699503048023631
    },
    "16": {
      "ms": 6.25,
      "acc_mean": 0.88939620053041,
      "acc_std": 0.00922842586417995
    },
    "32": {
      "ms": 12.5,
      "acc_mean": 0.9256635891258478,
      "acc_std": 0.006844732438586624
    },
    "64": {
      "ms": 25.0,
      "acc_mean": 0.9487288588389704,
      "acc_std": 0.004315169872297039
    },
    "128": {
      "ms": 50.0,
      "acc_mean": 0.9661308951074229,
      "acc_std": 0.005578904193173102
    }
  }
}