{
  "ms_per_frame": 0.390625,
  "n_mc": 10,
  "results": {
    "1": {
      "ms": 0.391,
      "acc_mean": 0.6681274258052652,
      "acc_std": 0.008616646356607489
    },
    "2": {
      "ms": 0.781,
      "acc_mean": 0.7234913389174256,
      "acc_std": 0.011696096371208045
    },
    "4": {
      "ms": 1.562,
      "acc_mean": 0.7844023739145388,
      "acc_std": 0.01159238909259043
    },
    "8": {
      "ms": 3.125,
      "acc_mean": 0.8430098670937817,
      "acc_std": 0.010016576325232633
    },
    "16": {
      "ms": 6.25,
      "acc_mean": 0.8908109982931134,
      "acc_std": 0.00861470815490782
    },
    "32": {
      "ms": 12.5,
      "acc_mean": 0.9295717030298271,
      "acc_std": 0.005733678247272754
    },
    "64": {
      "ms": 25.0,
      "acc_mean": 0.9533962501489655,
      "acc_std": 0.00470556349152036
    },
    "128": {
      "ms": 50.0,
      "acc_mean": 0.9722340154170055,
      "acc_std": 0.00443052946563191
    }
  }
}